distribution,forest_seed,trees,mse,mae,max_abs_error,hoeffding_epsilon_alpha_0_05,hoeffding_violations
normal,0,100,0.10086673994164656,0.2512346802952671,0.7632215742599744,13.581015157406195,0
normal,0,300,0.01831985628879332,0.10901164377941612,0.3324840280771113,7.841002756996855,0
normal,0,1000,0.0026935783837796624,0.043119727322698795,0.13911002718494458,4.294694083467376,0
normal,0,3000,0.0011874087733544012,0.026914156739068905,0.11711002718494434,2.4795427851769825,0
normal,0,10000,0.000381858404193966,0.015294023900271654,0.05521002718494472,1.3581015157406195,0
normal,0,30000,9.840372708207071e-05,0.008076449643084302,0.024179027311189927,0.7841002756996853,0
normal,1,100,0.027677534961682956,0.1354043408328962,0.3737584136472911,13.581015157406195,0
normal,1,300,0.009415353712127143,0.08011145178753999,0.21522330614838836,7.841002756996855,0
normal,1,1000,0.006718912645972542,0.06720054476174972,0.22496598750804253,4.294694083467376,0
normal,1,3000,0.0021381900560322655,0.03890446024706438,0.09433253061108715,2.4795427851769825,0
normal,1,10000,0.0008085075667091483,0.0235443825512026,0.05939020233305303,1.3581015157406195,0
normal,1,30000,0.00019375232978583584,0.010828346015648593,0.03818421397494909,0.7841002756996853,0
normal,2,100,0.02505635546841413,0.12805494897319342,0.38485858832286013,13.581015157406195,0
normal,2,300,0.015967548113210172,0.10657969424589614,0.2842443810652746,7.841002756996855,0
normal,2,1000,0.004640928856833447,0.055348774654221874,0.17007824649222236,4.294694083467376,0
normal,2,3000,0.0009477047597795126,0.02365015393432709,0.08348402807711253,2.4795427851769825,0
normal,2,10000,0.00039911945130442083,0.01565143286353446,0.05921088304390043,1.3581015157406195,0
normal,2,30000,0.00012168141624807036,0.00899098934887526,0.025876288609267384,0.7841002756996853,0
normal,3,100,0.0413678587520507,0.17377385004296272,0.3976976036725475,13.581015157406195,0
normal,3,300,0.015542057758786657,0.09490951864467263,0.35436427033921447,7.841002756996855,0
normal,3,1000,0.002873581428041797,0.04110779143897246,0.15447724277207087,4.294694083467376,0
normal,3,3000,0.0009526217015708412,0.023985203285167664,0.0858821119090507,2.4795427851769825,0
normal,3,10000,0.00025536136153075836,0.013301197280007022,0.034615142820181966,1.3581015157406195,0
normal,3,30000,6.66813351094631e-05,0.006367389378003923,0.025481809486848306,0.7841002756996853,0
normal,4,100,0.034934182352824424,0.15658900202438694,0.40156102729574883,13.581015157406195,0
normal,4,300,0.020337449218361697,0.12044274472429364,0.2910309370058819,7.841002756996855,0
normal,4,1000,0.005208855023349021,0.05588142271557928,0.19369760367254862,4.294694083467376,0
normal,4,3000,0.0014494479731535235,0.02856690554469476,0.11114390943873786,2.4795427851769825,0
normal,4,10000,0.0004738180503572281,0.017034970085431648,0.05679256124069987,1.3581015157406195,0
normal,4,30000,0.00021381356356144806,0.011714169285943078,0.034891521562366634,0.7841002756996853,0
normal,5,100,0.04847026336895741,0.1788376263381049,0.5189217535077777,13.581015157406195,0
normal,5,300,0.017513605198334267,0.11046395092957374,0.2837975991563564,7.841002756996855,0
normal,5,1000,0.003957470824674372,0.05074268138351777,0.14710850956042343,4.294694083467376,0
normal,5,3000,0.0010548708392384759,0.026480074675324917,0.076868407579334,2.4795427851769825,0
normal,5,10000,0.0005191883858672319,0.01893877077480781,0.058435074246000696,1.3581015157406195,0
normal,5,30000,0.00014014262156678125,0.00966935240418736,0.02999192165619391,0.7841002756996853,0
uniform,0,100,0.05140260090559763,0.1798066738477408,0.5300704931284601,13.581015157406195,0
uniform,0,300,0.014631111378882032,0.09988259892150433,0.2685192022611851,7.841002756996855,0
uniform,0,1000,0.004532525434979222,0.05365490794603617,0.18316454237714908,4.294694083467376,0
uniform,0,3000,0.001893618971228139,0.03629593587626747,0.10270480442540197,2.4795427851769825,0
uniform,0,10000,0.0006044741442676981,0.02095776387917633,0.05009568108000284,1.3581015157406195,0
uniform,0,30000,0.00023320413170713954,0.0131641091266322,0.03141677414706834,0.7841002756996853,0
uniform,1,100,0.05551491335416788,0.1887016349031637,0.5402395752131053,13.581015157406195,0
uniform,1,300,0.023073719450242024,0.1191695295066852,0.36433010872525173,7.841002756996855,0
uniform,1,1000,0.005578671737605925,0.05836326145860671,0.19228834821269913,4.294694083467376,0
uniform,1,3000,0.0022404327264992354,0.03902663316310139,0.11365104618218247,2.4795427851769825,0
uniform,1,10000,0.0007810734916767329,0.023816734369843166,0.06006199887248087,1.3581015157406195,0
uniform,1,30000,0.00023012270935516839,0.012796996214128943,0.03516372498396869,0.7841002756996853,0
uniform,2,100,0.05965151696297605,0.1956950844629711,0.6700704931284598,13.581015157406195,0
uniform,2,300,0.018831598367652615,0.11140668099667465,0.29133103320894627,7.841002756996855,0
uniform,2,1000,0.0031322552877758427,0.04601883783623244,0.1330888772469816,4.294694083467376,0
uniform,2,3000,0.0007129482132898298,0.02176557984669822,0.060318598240963084,2.4795427851769825,0
uniform,2,10000,0.00041625673455560427,0.016141964604535673,0.04993800112751856,1.3581015157406195,0
uniform,2,30000,0.00013318865025333903,0.009425804197945755,0.028150344411887573,0.7841002756996853,0
uniform,3,100,0.07714178635069423,0.22045215591115197,0.687711900529278,13.581015157406195,0
uniform,3,300,0.02213882430389825,0.12939968431510623,0.29151407260309803,7.841002756996855,0
uniform,3,1000,0.002666233390117378,0.04061473455453294,0.1428594673200152,4.294694083467376,0
uniform,3,3000,0.001384702821138199,0.03020879559446267,0.09785946732001527,2.4795427851769825,0
uniform,3,10000,0.00042368864994050097,0.01677676876405899,0.0496474644054814,1.3581015157406195,0
uniform,3,30000,8.921588118218408e-05,0.007813884920003575,0.023160735346080763,0.7841002756996853,0
uniform,4,100,0.05707442169283942,0.18945387274042005,0.534419509351153,13.581015157406195,0
uniform,4,300,0.01158543646578517,0.08458629950468605,0.34085011203975135,7.841002756996855,0
uniform,4,1000,0.0029979629340956006,0.04165604617113939,0.14507049312846032,4.294694083467376,0
uniform,4,3000,0.0015872016455663618,0.03216036380304312,0.08728809947072236,2.4795427851769825,0
uniform,4,10000,0.0007933385118173883,0.02260765070954453,0.06993582221473815,1.3581015157406195,0
uniform,4,30000,0.00018770637427882874,0.010190235098584495,0.04496136879407864,0.7841002756996853,0
uniform,5,100,0.026728798259334864,0.1257494901002289,0.4349285361741657,13.581015157406195,0
uniform,5,300,0.005460866278946249,0.05876989950761697,0.20085011203975167,7.841002756996855,0
uniform,5,1000,0.005027623888128789,0.055152176274729854,0.19592853617416495,4.294694083467376,0
uniform,5,3000,0.0013685327982143518,0.02846069934908029,0.09370593132058591,2.4795427851769825,0
uniform,5,10000,0.00047787700353295207,0.0170188949942236,0.05912336129030216,1.3581015157406195,0
uniform,5,30000,6.24798163088473e-05,0.006188073549476636,0.019904939506398378,0.7841002756996853,0
exponential,0,100,0.026172125334288126,0.12893608148169322,0.4472582878637521,13.581015157406195,0
exponential,0,300,0.01046621632734066,0.08246733712897175,0.27623184726658856,7.841002756996855,0
exponential,0,1000,0.0023898349707057493,0.037542977895774494,0.13854272363444764,4.294694083467376,0
exponential,0,3000,0.0015045882840143158,0.03354890749959998,0.07677454812483475,2.4795427851769825,0
exponential,0,10000,0.00046076600112540363,0.016459281629897834,0.058579231844399615,1.3581015157406195,0
exponential,0,30000,0.0002241376990256945,0.012281172201670949,0.03742104157651305,0.7841002756996853,0
exponential,1,100,0.05239430737905046,0.18321074965520864,0.6007033702123952,13.581015157406195,0
exponential,1,300,0.04055021587735056,0.16083681233327313,0.46403670354572846,7.841002756996855,0
exponential,1,1000,0.005493715865484675,0.060798633546215494,0.20731569393575544,4.294694083467376,0
exponential,1,3000,0.001569618885489966,0.03242095200106393,0.1036490272690882,2.4795427851769825,0
exponential,1,10000,0.0003902745670999124,0.015927454885604705,0.05420340848561622,1.3581015157406195,0
exponential,1,30000,0.00017306827104019974,0.011149980839915403,0.041550083340657906,0.7841002756996853,0
exponential,2,100,0.057774693642027336,0.1910662072878205,0.5784276336270118,13.581015157406195,0
exponential,2,300,0.017154516495695975,0.10865217814179148,0.2925066478676026,7.841002756996855,0
exponential,2,1000,0.008334973006420854,0.07905013126969702,0.17600745732216883,4.294694083467376,0
exponential,2,3000,0.0025032967577774063,0.04192110922819474,0.11441330206706013,2.4795427851769825,0
exponential,2,10000,0.0007810662729481646,0.022747473613422105,0.07146347697918642,1.3581015157406195,0
exponential,2,30000,0.00023469490375049068,0.012770569335276578,0.039978488938316126,0.7841002756996853,0
exponential,3,100,0.0213702468318617,0.11852884729093977,0.35268430606424506,13.581015157406195,0
exponential,3,300,0.010710178994746498,0.08568613406922926,0.24307924091817235,7.841002756996855,0
exponential,3,1000,0.0054405274158783115,0.05921196989220341,0.1553485020078078,4.294694083467376,0
exponential,3,3000,0.000827823890368515,0.022956978938415796,0.0788832499926766,2.4795427851769825,0
exponential,3,10000,0.00022234298821974114,0.011572921097055145,0.040967327654445995,1.3581015157406195,0
exponential,3,30000,0.00011856298571672615,0.0092272222348738,0.026743580114116483,0.7841002756996853,0
exponential,4,100,0.0654849655068141,0.21075740021913117,0.5527417121362479,13.581015157406195,0
exponential,4,300,0.011178696012368483,0.08773815245952403,0.238372151637531,7.841002756996855,0
exponential,4,1000,0.002902891446834356,0.04506958796345405,0.12666962324268738,4.294694083467376,0
exponential,4,3000,0.0010268036932648834,0.026785794492755644,0.07041200279615367,2.4795427851769825,0
exponential,4,10000,0.0005652090178739299,0.019432465799399265,0.0568179231765793,1.3581015157406195,0
exponential,4,30000,0.000252595201787411,0.01320568453109924,0.04407666346756578,0.7841002756996853,0
exponential,5,100,0.0674439407365709,0.2243861463594942,0.5470880263092965,13.581015157406195,0
exponential,5,300,0.008625815686989464,0.0724163129297995,0.2606347695968765,7.841002756996855,0
exponential,5,1000,0.004426673255581333,0.0511436027184326,0.21210972942957262,4.294694083467376,0
exponential,5,3000,0.001084904737035151,0.027442849489759523,0.08192359723678067,2.4795427851769825,0
exponential,5,10000,0.0003280450717432956,0.014087694870404786,0.04661009847417752,1.3581015157406195,0
exponential,5,30000,0.00011840675293115241,0.00865530091964775,0.025956419885883264,0.7841002756996853,0
