u,l,kappa,delta,seed,forest_seed,trees,n,normal_gaps_json,paper_boundary,exact_threshold,empirical_threshold,empirical_to_boundary,empirical_to_exact,assumption_4_2
0.5,0.125,4.0,0.375,0,53000,1600,12,"[0.3745607023443788, 0.5, 0.1617729647594555, 0.3912241752849021, 0.19502037038968623, 0.29568004407865567, 0.2825000646975535, 0.125, 0.19791257740315382, 0.13082437344079284]",2.0,0.04688119147368692,0.05859375,0.029296875,1.2498349158401192,True
0.5,0.125,4.0,0.375,1,53001,1600,12,"[0.4166493943657962, 0.3385255763034142, 0.33468176562574026, 0.125, 0.16735834088064175, 0.21931566013665985, 0.41940042309870584, 0.16280519360022203, 0.5, 0.4275426573849692]",2.0,0.4449672932958158,0.4345703125,0.21728515625,0.9766342808730801,True
0.5,0.125,4.0,0.375,2,53002,1600,12,"[0.3366785105964737, 0.21593757181049084, 0.5, 0.3616326700996572, 0.22370326764309797, 0.125, 0.46526276924469984, 0.1991529647132963, 0.3243086993254489, 0.19336605111385105]",2.0,0.18515981355936112,0.1513671875,0.07568359375,0.8174948148317971,True
0.5,0.125,4.0,0.375,3,53003,1600,12,"[0.125, 0.38314008376246916, 0.5, 0.3607601408525115, 0.15778173801238615, 0.20440110115350926, 0.20645892969243348, 0.13259088337705502, 0.3462146171010397, 0.27295089528292865]",2.0,0.27171353459989195,0.3076171875,0.15380859375,1.1321378890932963,True
0.5,0.0625,8.0,0.4375,0,53000,1600,12,"[0.32418902918511017, 0.5, 0.09201823841618724, 0.3460616892551273, 0.12179654342352483, 0.22737777859493205, 0.21234538429083383, 0.0625, 0.12451597963829047, 0.06691877665345794]",4.0,0.05230986148813594,0.05859375,0.0146484375,1.120128181056057,True
0.5,0.0625,8.0,0.4375,1,53001,1600,12,"[0.3803392363294552, 0.27854939978567156, 0.2738186815734093, 0.0625, 0.09682467335319146, 0.14525111099915414, 0.38411237066460663, 0.0929003564710267, 0.5, 0.39535221491707184]",4.0,0.425378783853297,0.41015625,0.1025390625,0.9642141676286636,True
0.5,0.0625,8.0,0.4375,2,53002,1600,12,"[0.27627277740997747, 0.1419081433629809, 0.5, 0.30755053356285317, 0.14963165851727045, 0.0625, 0.44880992230443667, 0.1256883895922001, 0.2611878049128192, 0.12025007064494347]",4.0,0.11101656027890534,0.087890625,0.02197265625,0.791689318955601,True
0.5,0.0625,8.0,0.4375,3,53003,1600,12,"[0.0625, 0.33539098315608773, 0.5, 0.3064381413659909, 0.08863394940290022, 0.13068924363703516, 0.13266779321987954, 0.06827873933929599, 0.2880932596340589, 0.20167022486395236]",4.0,0.18951561713083118,0.21484375,0.0537109375,1.1336466791107969,True
0.5,0.03125,16.0,0.46875,0,53000,1600,12,"[0.28059143948142873, 0.5, 0.052340984254128066, 0.30611271065470363, 0.07606588973386082, 0.17485337693271152, 0.15961257310824387, 0.03125, 0.07833877658871871, 0.03423003337235205]",8.0,0.05978967362807317,0.05859375,0.00732421875,0.9799978231105171,True
0.5,0.03125,16.0,0.46875,1,53001,1600,12,"[0.34719343565076954, 0.2291991316231174, 0.22402376848472583, 0.03125, 0.05601762852464216, 0.09619871756235779, 0.35179342979074696, 0.05301106212641155, 0.5, 0.3655854477676023]",8.0,0.4064121354826726,0.41015625,0.05126953125,1.0092126051129864,True
0.5,0.03125,16.0,0.46875,2,53002,1600,12,"[0.2267048389949197, 0.09325806983882176, 0.5, 0.26155637616681504, 0.10008630390839905, 0.03125, 0.43293888889049364, 0.07932380670819089, 0.21035226491632886, 0.07478085944672891]",8.0,0.06502388573789387,0.05859375,0.00732421875,0.9011111737644649,True
0.5,0.03125,16.0,0.46875,3,53003,1600,12,"[0.03125, 0.29359264757102377, 0.5, 0.26029575845584796, 0.049790153700418525, 0.08355962030553424, 0.0852505792994904, 0.03516068470941561, 0.23972912218883904, 0.14900438247150458]",8.0,0.12780509251505245,0.13671875,0.01708984375,1.0697441495447275,True
1.0,0.25,4.0,0.75,0,53000,1600,12,"[0.7491214046887577, 1.0, 0.323545929518911, 0.7824483505698042, 0.39004074077937245, 0.5913600881573113, 0.565000129395107, 0.25, 0.39582515480630764, 0.2616487468815857]",4.0,0.09376238294737384,0.1171875,0.029296875,1.2498349158401192,True
1.0,0.25,4.0,0.75,1,53001,1600,12,"[0.8332987887315924, 0.6770511526068284, 0.6693635312514805, 0.25, 0.3347166817612835, 0.4386313202733197, 0.8388008461974117, 0.32561038720044405, 1.0, 0.8550853147699384]",4.0,0.8899345865916316,0.869140625,0.21728515625,0.9766342808730801,True
1.0,0.25,4.0,0.75,2,53002,1600,12,"[0.6733570211929474, 0.43187514362098167, 1.0, 0.7232653401993144, 0.44740653528619595, 0.25, 0.9305255384893997, 0.3983059294265926, 0.6486173986508978, 0.3867321022277021]",4.0,0.37031962711872224,0.302734375,0.07568359375,0.8174948148317971,True
1.0,0.25,4.0,0.75,3,53003,1600,12,"[0.25, 0.7662801675249383, 1.0, 0.721520281705023, 0.3155634760247723, 0.4088022023070185, 0.41291785938486697, 0.26518176675411004, 0.6924292342020794, 0.5459017905658573]",4.0,0.5434270691997839,0.615234375,0.15380859375,1.1321378890932963,True
1.0,0.125,8.0,0.875,0,53000,1600,12,"[0.6483780583702203, 1.0, 0.18403647683237448, 0.6921233785102546, 0.24359308684704967, 0.4547555571898641, 0.42469076858166765, 0.125, 0.24903195927658095, 0.13383755330691588]",8.0,0.10461972297627188,0.1171875,0.0146484375,1.120128181056057,True
1.0,0.125,8.0,0.875,1,53001,1600,12,"[0.7606784726589104, 0.5570987995713431, 0.5476373631468185, 0.125, 0.19364934670638292, 0.2905022219983083, 0.7682247413292133, 0.1858007129420534, 1.0, 0.7907044298341437]",8.0,0.850757567706594,0.8203125,0.1025390625,0.9642141676286636,True
1.0,0.125,8.0,0.875,2,53002,1600,12,"[0.5525455548199549, 0.2838162867259618, 1.0, 0.6151010671257063, 0.2992633170345409, 0.125, 0.8976198446088733, 0.2513767791844002, 0.5223756098256384, 0.24050014128988695]",8.0,0.2220331205578107,0.17578125,0.02197265625,0.791689318955601,True
1.0,0.125,8.0,0.875,3,53003,1600,12,"[0.125, 0.6707819663121755, 1.0, 0.6128762827319818, 0.17726789880580043, 0.2613784872740703, 0.2653355864397591, 0.13655747867859197, 0.5761865192681178, 0.4033404497279047]",8.0,0.37903123426166235,0.4296875,0.0537109375,1.1336466791107969,True
1.0,0.0625,16.0,0.9375,0,53000,1600,12,"[0.5611828789628575, 1.0, 0.10468196850825613, 0.6122254213094073, 0.15213177946772163, 0.34970675386542305, 0.31922514621648773, 0.0625, 0.15667755317743742, 0.0684600667447041]",16.0,0.11957934725614634,0.1171875,0.00732421875,0.9799978231105171,True
1.0,0.0625,16.0,0.9375,1,53001,1600,12,"[0.6943868713015391, 0.4583982632462348, 0.44804753696945165, 0.0625, 0.11203525704928433, 0.19239743512471558, 0.7035868595814939, 0.1060221242528231, 1.0, 0.7311708955352046]",16.0,0.8128242709653452,0.8203125,0.05126953125,1.0092126051129864,True
1.0,0.0625,16.0,0.9375,2,53002,1600,12,"[0.4534096779898394, 0.18651613967764352, 1.0, 0.5231127523336301, 0.2001726078167981, 0.0625, 0.8658777777809873, 0.15864761341638178, 0.4207045298326577, 0.14956171889345782]",16.0,0.13004777147578775,0.1171875,0.00732421875,0.9011111737644649,True
1.0,0.0625,16.0,0.9375,3,53003,1600,12,"[0.0625, 0.5871852951420475, 1.0, 0.5205915169116959, 0.09958030740083705, 0.16711924061106848, 0.1705011585989808, 0.07032136941883121, 0.4794582443776781, 0.29800876494300915]",16.0,0.2556101850301049,0.2734375,0.01708984375,1.0697441495447275,True
2.0,0.5,4.0,1.5,0,53000,1600,12,"[1.4982428093775153, 2.0, 0.647091859037822, 1.5648967011396084, 0.7800814815587449, 1.1827201763146227, 1.130000258790214, 0.5, 0.7916503096126153, 0.5232974937631714]",8.0,0.18752476589474767,0.234375,0.029296875,1.2498349158401192,True
2.0,0.5,4.0,1.5,1,53001,1600,12,"[1.6665975774631847, 1.3541023052136567, 1.338727062502961, 0.5, 0.669433363522567, 0.8772626405466394, 1.6776016923948234, 0.6512207744008881, 2.0, 1.7101706295398769]",8.0,1.7798691731832632,1.73828125,0.21728515625,0.9766342808730801,True
2.0,0.5,4.0,1.5,2,53002,1600,12,"[1.3467140423858948, 0.8637502872419633, 2.0, 1.4465306803986289, 0.8948130705723919, 0.5, 1.8610510769787993, 0.7966118588531852, 1.2972347973017957, 0.7734642044554042]",8.0,0.7406392542374445,0.60546875,0.07568359375,0.8174948148317971,True
2.0,0.5,4.0,1.5,3,53003,1600,12,"[0.5, 1.5325603350498767, 2.0, 1.443040563410046, 0.6311269520495446, 0.817604404614037, 0.8258357187697339, 0.5303635335082201, 1.3848584684041587, 1.0918035811317146]",8.0,1.0868541383995678,1.23046875,0.15380859375,1.1321378890932963,True
2.0,0.25,8.0,1.75,0,53000,1600,12,"[1.2967561167404407, 2.0, 0.36807295366474896, 1.3842467570205093, 0.48718617369409933, 0.9095111143797282, 0.8493815371633353, 0.25, 0.4980639185531619, 0.26767510661383176]",16.0,0.20923944595254376,0.234375,0.0146484375,1.120128181056057,True
2.0,0.25,8.0,1.75,1,53001,1600,12,"[1.5213569453178208, 1.1141975991426862, 1.095274726293637, 0.25, 0.38729869341276585, 0.5810044439966165, 1.5364494826584265, 0.3716014258841068, 2.0, 1.5814088596682874]",16.0,1.701515135413188,1.640625,0.1025390625,0.9642141676286636,True
2.0,0.25,8.0,1.75,2,53002,1600,12,"[1.1050911096399099, 0.5676325734519236, 2.0, 1.2302021342514127, 0.5985266340690818, 0.25, 1.7952396892177467, 0.5027535583688004, 1.0447512196512767, 0.4810002825797739]",16.0,0.4440662411156214,0.3515625,0.02197265625,0.791689318955601,True
2.0,0.25,8.0,1.75,3,53003,1600,12,"[0.25, 1.341563932624351, 2.0, 1.2257525654639636, 0.35453579761160087, 0.5227569745481406, 0.5306711728795181, 0.27311495735718394, 1.1523730385362356, 0.8066808994558095]",16.0,0.7580624685233247,0.859375,0.0537109375,1.1336466791107969,True
2.0,0.125,16.0,1.875,0,53000,1600,12,"[1.122365757925715, 2.0, 0.20936393701651226, 1.2244508426188145, 0.30426355893544327, 0.6994135077308461, 0.6384502924329755, 0.125, 0.31335510635487485, 0.1369201334894082]",32.0,0.23915869451229269,0.234375,0.00732421875,0.9799978231105171,True
2.0,0.125,16.0,1.875,1,53001,1600,12,"[1.3887737426030782, 0.9167965264924696, 0.8960950739389033, 0.125, 0.22407051409856865, 0.38479487024943115, 1.4071737191629878, 0.2120442485056462, 2.0, 1.4623417910704093]",32.0,1.6256485419306903,1.640625,0.05126953125,1.0092126051129864,True
2.0,0.125,16.0,1.875,2,53002,1600,12,"[0.9068193559796788, 0.37303227935528704, 2.0, 1.0462255046672602, 0.4003452156335962, 0.125, 1.7317555555619746, 0.31729522683276357, 0.8414090596653154, 0.29912343778691564]",32.0,0.2600955429515755,0.234375,0.00732421875,0.9011111737644649,True
2.0,0.125,16.0,1.875,3,53003,1600,12,"[0.125, 1.174370590284095, 2.0, 1.0411830338233918, 0.1991606148016741, 0.33423848122213695, 0.3410023171979616, 0.14064273883766243, 0.9589164887553562, 0.5960175298860183]",32.0,0.5112203700602098,0.546875,0.01708984375,1.0697441495447275,True
