u,l,kappa,delta,seed,k,n,normal_gaps_json,paper_boundary,direct_threshold,detected_at_90pct_boundary,assumption_4_2
0.5,0.125,4.0,0.375,0,1,12,"[0.3745607023443788, 0.5, 0.1617729647594555, 0.3912241752849021, 0.19502037038968623, 0.29568004407865567, 0.2825000646975535, 0.125, 0.19791257740315382, 0.13082437344079284]",0.5,0.3745607023443789,True,True
0.5,0.125,4.0,0.375,0,3,12,"[0.3745607023443788, 0.5, 0.1617729647594555, 0.3912241752849021, 0.19502037038968623, 0.29568004407865567, 0.2825000646975535, 0.125, 0.19791257740315382, 0.13082437344079284]",0.875,5.551115154145056e-17,True,True
0.5,0.125,4.0,0.375,0,5,12,"[0.3745607023443788, 0.5, 0.1617729647594555, 0.3912241752849021, 0.19502037038968623, 0.29568004407865567, 0.2825000646975535, 0.125, 0.19791257740315382, 0.13082437344079284]",1.25,1.1102230256591323e-16,True,True
0.5,0.125,4.0,0.375,0,7,12,"[0.3745607023443788, 0.5, 0.1617729647594555, 0.3912241752849021, 0.19502037038968623, 0.29568004407865567, 0.2825000646975535, 0.125, 0.19791257740315382, 0.13082437344079284]",1.625,1.3877787820739154e-16,True,True
0.5,0.125,4.0,0.375,1,1,12,"[0.4166493943657962, 0.3385255763034142, 0.33468176562574026, 0.125, 0.16735834088064175, 0.21931566013665985, 0.41940042309870584, 0.16280519360022203, 0.5, 0.4275426573849692]",0.5,0.42754265738496905,True,True
0.5,0.125,4.0,0.375,1,3,12,"[0.4166493943657962, 0.3385255763034142, 0.33468176562574026, 0.125, 0.16735834088064175, 0.21931566013665985, 0.41940042309870584, 0.16280519360022203, 0.5, 0.4275426573849692]",0.875,0.4245362669067077,True,True
0.5,0.125,4.0,0.375,1,5,12,"[0.4166493943657962, 0.3385255763034142, 0.33468176562574026, 0.125, 0.16735834088064175, 0.21931566013665985, 0.41940042309870584, 0.16280519360022203, 0.5, 0.4275426573849692]",1.25,0.44154150728693525,True,True
0.5,0.125,4.0,0.375,1,7,12,"[0.4166493943657962, 0.3385255763034142, 0.33468176562574026, 0.125, 0.16735834088064175, 0.21931566013665985, 0.41940042309870584, 0.16280519360022203, 0.5, 0.4275426573849692]",1.625,0.44882946744989,True,True
0.5,0.125,4.0,0.375,2,1,12,"[0.3366785105964737, 0.21593757181049084, 0.5, 0.3616326700996572, 0.22370326764309797, 0.125, 0.46526276924469984, 0.1991529647132963, 0.3243086993254489, 0.19336605111385105]",0.5,0.3616326700996573,True,True
0.5,0.125,4.0,0.375,2,3,12,"[0.3366785105964737, 0.21593757181049084, 0.5, 0.3616326700996572, 0.22370326764309797, 0.125, 0.46526276924469984, 0.1991529647132963, 0.3243086993254489, 0.19336605111385105]",0.875,0.18589133827965815,True,True
0.5,0.125,4.0,0.375,2,5,12,"[0.3366785105964737, 0.21593757181049084, 0.5, 0.3616326700996572, 0.22370326764309797, 0.125, 0.46526276924469984, 0.1991529647132963, 0.3243086993254489, 0.19336605111385105]",1.25,0.11217801151666296,True,True
0.5,0.125,4.0,0.375,2,7,12,"[0.3366785105964737, 0.21593757181049084, 0.5, 0.3616326700996572, 0.22370326764309797, 0.125, 0.46526276924469984, 0.1991529647132963, 0.3243086993254489, 0.19336605111385105]",1.625,0.08331517020918874,True,True
0.5,0.125,4.0,0.375,3,1,12,"[0.125, 0.38314008376246916, 0.5, 0.3607601408525115, 0.15778173801238615, 0.20440110115350926, 0.20645892969243348, 0.13259088337705502, 0.3462146171010397, 0.27295089528292865]",0.5,0.3831400837624693,True,True
0.5,0.125,4.0,0.375,3,3,12,"[0.125, 0.38314008376246916, 0.5, 0.3607601408525115, 0.15778173801238615, 0.20440110115350926, 0.20645892969243348, 0.13259088337705502, 0.3462146171010397, 0.27295089528292865]",0.875,0.33691090655515044,True,True
0.5,0.125,4.0,0.375,3,5,12,"[0.125, 0.38314008376246916, 0.5, 0.3607601408525115, 0.15778173801238615, 0.20440110115350926, 0.20645892969243348, 0.13259088337705502, 0.3462146171010397, 0.27295089528292865]",1.25,0.15090483266968477,True,True
0.5,0.125,4.0,0.375,3,7,12,"[0.125, 0.38314008376246916, 0.5, 0.3607601408525115, 0.15778173801238615, 0.20440110115350926, 0.20645892969243348, 0.13259088337705502, 0.3462146171010397, 0.27295089528292865]",1.625,0.07118794386162802,True,True
0.5,0.0625,8.0,0.4375,0,1,12,"[0.32418902918511017, 0.5, 0.09201823841618724, 0.3460616892551273, 0.12179654342352483, 0.22737777859493205, 0.21234538429083383, 0.0625, 0.12451597963829047, 0.06691877665345794]",0.5,0.3241890291851102,True,True
0.5,0.0625,8.0,0.4375,0,3,12,"[0.32418902918511017, 0.5, 0.09201823841618724, 0.3460616892551273, 0.12179654342352483, 0.22737777859493205, 0.21234538429083383, 0.0625, 0.12451597963829047, 0.06691877665345794]",0.9375,5.551115160607404e-17,True,True
0.5,0.0625,8.0,0.4375,0,5,12,"[0.32418902918511017, 0.5, 0.09201823841618724, 0.3460616892551273, 0.12179654342352483, 0.22737777859493205, 0.21234538429083383, 0.0625, 0.12451597963829047, 0.06691877665345794]",1.375,5.551115231693238e-17,True,True
0.5,0.0625,8.0,0.4375,0,7,12,"[0.32418902918511017, 0.5, 0.09201823841618724, 0.3460616892551273, 0.12179654342352483, 0.22737777859493205, 0.21234538429083383, 0.0625, 0.12451597963829047, 0.06691877665345794]",1.8125,5.551115289854375e-17,True,True
0.5,0.0625,8.0,0.4375,1,1,12,"[0.3803392363294552, 0.27854939978567156, 0.2738186815734093, 0.0625, 0.09682467335319146, 0.14525111099915414, 0.38411237066460663, 0.0929003564710267, 0.5, 0.39535221491707184]",0.5,0.3953522149170717,True,True
0.5,0.0625,8.0,0.4375,1,3,12,"[0.3803392363294552, 0.27854939978567156, 0.2738186815734093, 0.0625, 0.09682467335319146, 0.14525111099915414, 0.38411237066460663, 0.0929003564710267, 0.5, 0.39535221491707184]",0.9375,0.4132430429258866,True,True
0.5,0.0625,8.0,0.4375,1,5,12,"[0.3803392363294552, 0.27854939978567156, 0.2738186815734093, 0.0625, 0.09682467335319146, 0.14525111099915414, 0.38411237066460663, 0.0929003564710267, 0.5, 0.39535221491707184]",1.375,0.4403590977010305,True,True
0.5,0.0625,8.0,0.4375,1,7,12,"[0.3803392363294552, 0.27854939978567156, 0.2738186815734093, 0.0625, 0.09682467335319146, 0.14525111099915414, 0.38411237066460663, 0.0929003564710267, 0.5, 0.39535221491707184]",1.8125,0.45198026403323466,True,True
0.5,0.0625,8.0,0.4375,2,1,12,"[0.27627277740997747, 0.1419081433629809, 0.5, 0.30755053356285317, 0.14963165851727045, 0.0625, 0.44880992230443667, 0.1256883895922001, 0.2611878049128192, 0.12025007064494347]",0.5,0.3075505335628533,True,True
0.5,0.0625,8.0,0.4375,2,3,12,"[0.27627277740997747, 0.1419081433629809, 0.5, 0.30755053356285317, 0.14963165851727045, 0.0625, 0.44880992230443667, 0.1256883895922001, 0.2611878049128192, 0.12025007064494347]",0.9375,0.1900930091533471,True,True
0.5,0.0625,8.0,0.4375,2,5,12,"[0.27627277740997747, 0.1419081433629809, 0.5, 0.30755053356285317, 0.14963165851727045, 0.0625, 0.44880992230443667, 0.1256883895922001, 0.2611878049128192, 0.12025007064494347]",1.375,0.02896410259395255,True,True
0.5,0.0625,8.0,0.4375,2,7,12,"[0.27627277740997747, 0.1419081433629809, 0.5, 0.30755053356285317, 0.14963165851727045, 0.0625, 0.44880992230443667, 0.1256883895922001, 0.2611878049128192, 0.12025007064494347]",1.8125,1.1102230392300642e-16,True,True
0.5,0.0625,8.0,0.4375,3,1,12,"[0.0625, 0.33539098315608773, 0.5, 0.3064381413659909, 0.08863394940290022, 0.13068924363703516, 0.13266779321987954, 0.06827873933929599, 0.2880932596340589, 0.20167022486395236]",0.5,0.3353909831560878,True,True
0.5,0.0625,8.0,0.4375,3,3,12,"[0.0625, 0.33539098315608773, 0.5, 0.3064381413659909, 0.08863394940290022, 0.13068924363703516, 0.13266779321987954, 0.06827873933929599, 0.2880932596340589, 0.20167022486395236]",0.9375,0.2630283166810611,True,True
0.5,0.0625,8.0,0.4375,3,5,12,"[0.0625, 0.33539098315608773, 0.5, 0.3064381413659909, 0.08863394940290022, 0.13068924363703516, 0.13266779321987954, 0.06827873933929599, 0.2880932596340589, 0.20167022486395236]",1.375,0.03979482402328532,True,True
0.5,0.0625,8.0,0.4375,3,7,12,"[0.0625, 0.33539098315608773, 0.5, 0.3064381413659909, 0.08863394940290022, 0.13068924363703516, 0.13266779321987954, 0.06827873933929599, 0.2880932596340589, 0.20167022486395236]",1.8125,1.1102230392300642e-16,True,True
0.5,0.03125,16.0,0.46875,0,1,12,"[0.28059143948142873, 0.5, 0.052340984254128066, 0.30611271065470363, 0.07606588973386082, 0.17485337693271152, 0.15961257310824387, 0.03125, 0.07833877658871871, 0.03423003337235205]",0.5,0.2805914394814288,True,True
0.5,0.03125,16.0,0.46875,0,3,12,"[0.28059143948142873, 0.5, 0.052340984254128066, 0.30611271065470363, 0.07606588973386082, 0.17485337693271152, 0.15961257310824387, 0.03125, 0.07833877658871871, 0.03423003337235205]",0.96875,1.3877787895056162e-16,True,True
0.5,0.03125,16.0,0.46875,0,5,12,"[0.28059143948142873, 0.5, 0.052340984254128066, 0.30611271065470363, 0.07606588973386082, 0.17485337693271152, 0.15961257310824387, 0.03125, 0.07833877658871871, 0.03423003337235205]",1.4375,1.6653345501209258e-16,True,True
0.5,0.03125,16.0,0.46875,0,7,12,"[0.28059143948142873, 0.5, 0.052340984254128066, 0.30611271065470363, 0.07606588973386082, 0.17485337693271152, 0.15961257310824387, 0.03125, 0.07833877658871871, 0.03423003337235205]",1.90625,2.775557564147831e-16,True,True
0.5,0.03125,16.0,0.46875,1,1,12,"[0.34719343565076954, 0.2291991316231174, 0.22402376848472583, 0.03125, 0.05601762852464216, 0.09619871756235779, 0.35179342979074696, 0.05301106212641155, 0.5, 0.3655854477676023]",0.5,0.36558544776760243,True,True
0.5,0.03125,16.0,0.46875,1,3,12,"[0.34719343565076954, 0.2291991316231174, 0.22402376848472583, 0.03125, 0.05601762852464216, 0.09619871756235779, 0.35179342979074696, 0.05301106212641155, 0.5, 0.3655854477676023]",0.96875,0.4087271341681876,True,True
0.5,0.03125,16.0,0.46875,1,5,12,"[0.34719343565076954, 0.2291991316231174, 0.22402376848472583, 0.03125, 0.05601762852464216, 0.09619871756235779, 0.35179342979074696, 0.05301106212641155, 0.5, 0.3655854477676023]",1.4375,0.44621546558384345,True,True
0.5,0.03125,16.0,0.46875,1,7,12,"[0.34719343565076954, 0.2291991316231174, 0.22402376848472583, 0.03125, 0.05601762852464216, 0.09619871756235779, 0.35179342979074696, 0.05301106212641155, 0.5, 0.3655854477676023]",1.90625,0.4622818933334102,True,True
0.5,0.03125,16.0,0.46875,2,1,12,"[0.2267048389949197, 0.09325806983882176, 0.5, 0.26155637616681504, 0.10008630390839905, 0.03125, 0.43293888889049364, 0.07932380670819089, 0.21035226491632886, 0.07478085944672891]",0.5,0.2615563761668152,True,True
0.5,0.03125,16.0,0.46875,2,3,12,"[0.2267048389949197, 0.09325806983882176, 0.5, 0.26155637616681504, 0.10008630390839905, 0.03125, 0.43293888889049364, 0.07932380670819089, 0.21035226491632886, 0.07478085944672891]",0.96875,0.15647466282952752,True,True
0.5,0.03125,16.0,0.46875,2,5,12,"[0.2267048389949197, 0.09325806983882176, 0.5, 0.26155637616681504, 0.10008630390839905, 0.03125, 0.43293888889049364, 0.07932380670819089, 0.21035226491632886, 0.07478085944672891]",1.4375,4.163336449619323e-17,True,True
0.5,0.03125,16.0,0.46875,2,7,12,"[0.2267048389949197, 0.09325806983882176, 0.5, 0.26155637616681504, 0.10008630390839905, 0.03125, 0.43293888889049364, 0.07932380670819089, 0.21035226491632886, 0.07478085944672891]",1.90625,4.163336346221746e-17,True,True
0.5,0.03125,16.0,0.46875,3,1,12,"[0.03125, 0.29359264757102377, 0.5, 0.26029575845584796, 0.049790153700418525, 0.08355962030553424, 0.0852505792994904, 0.03516068470941561, 0.23972912218883904, 0.14900438247150458]",0.5,0.2935926475710238,True,True
0.5,0.03125,16.0,0.46875,3,3,12,"[0.03125, 0.29359264757102377, 0.5, 0.26029575845584796, 0.049790153700418525, 0.08355962030553424, 0.0852505792994904, 0.03516068470941561, 0.23972912218883904, 0.14900438247150458]",0.96875,0.254114215857008,True,True
0.5,0.03125,16.0,0.46875,3,5,12,"[0.03125, 0.29359264757102377, 0.5, 0.26029575845584796, 0.049790153700418525, 0.08355962030553424, 0.0852505792994904, 0.03516068470941561, 0.23972912218883904, 0.14900438247150458]",1.4375,4.510281091823426e-17,True,True
0.5,0.03125,16.0,0.46875,3,7,12,"[0.03125, 0.29359264757102377, 0.5, 0.26029575845584796, 0.049790153700418525, 0.08355962030553424, 0.0852505792994904, 0.03516068470941561, 0.23972912218883904, 0.14900438247150458]",1.90625,4.51028114029104e-17,True,True
1.0,0.25,4.0,0.75,0,1,12,"[0.7491214046887577, 1.0, 0.323545929518911, 0.7824483505698042, 0.39004074077937245, 0.5913600881573113, 0.565000129395107, 0.25, 0.39582515480630764, 0.2616487468815857]",1.0,0.7491214046887578,True,True
1.0,0.25,4.0,0.75,0,3,12,"[0.7491214046887577, 1.0, 0.323545929518911, 0.7824483505698042, 0.39004074077937245, 0.5913600881573113, 0.565000129395107, 0.25, 0.39582515480630764, 0.2616487468815857]",1.75,1.1102230308290111e-16,True,True
1.0,0.25,4.0,0.75,0,5,12,"[0.7491214046887577, 1.0, 0.323545929518911, 0.7824483505698042, 0.39004074077937245, 0.5913600881573113, 0.565000129395107, 0.25, 0.39582515480630764, 0.2616487468815857]",2.5,2.2204460513182646e-16,True,True
1.0,0.25,4.0,0.75,0,7,12,"[0.7491214046887577, 1.0, 0.323545929518911, 0.7824483505698042, 0.39004074077937245, 0.5913600881573113, 0.565000129395107, 0.25, 0.39582515480630764, 0.2616487468815857]",3.25,2.775557564147831e-16,True,True
1.0,0.25,4.0,0.75,1,1,12,"[0.8332987887315924, 0.6770511526068284, 0.6693635312514805, 0.25, 0.3347166817612835, 0.4386313202733197, 0.8388008461974117, 0.32561038720044405, 1.0, 0.8550853147699384]",1.0,0.8550853147699381,True,True
1.0,0.25,4.0,0.75,1,3,12,"[0.8332987887315924, 0.6770511526068284, 0.6693635312514805, 0.25, 0.3347166817612835, 0.4386313202733197, 0.8388008461974117, 0.32561038720044405, 1.0, 0.8550853147699384]",1.75,0.8490725338134154,True,True
1.0,0.25,4.0,0.75,1,5,12,"[0.8332987887315924, 0.6770511526068284, 0.6693635312514805, 0.25, 0.3347166817612835, 0.4386313202733197, 0.8388008461974117, 0.32561038720044405, 1.0, 0.8550853147699384]",2.5,0.8830830145738705,True,True
1.0,0.25,4.0,0.75,1,7,12,"[0.8332987887315924, 0.6770511526068284, 0.6693635312514805, 0.25, 0.3347166817612835, 0.4386313202733197, 0.8388008461974117, 0.32561038720044405, 1.0, 0.8550853147699384]",3.25,0.89765893489978,True,True
1.0,0.25,4.0,0.75,2,1,12,"[0.6733570211929474, 0.43187514362098167, 1.0, 0.7232653401993144, 0.44740653528619595, 0.25, 0.9305255384893997, 0.3983059294265926, 0.6486173986508978, 0.3867321022277021]",1.0,0.7232653401993147,True,True
1.0,0.25,4.0,0.75,2,3,12,"[0.6733570211929474, 0.43187514362098167, 1.0, 0.7232653401993144, 0.44740653528619595, 0.25, 0.9305255384893997, 0.3983059294265926, 0.6486173986508978, 0.3867321022277021]",1.75,0.3717826765593163,True,True
1.0,0.25,4.0,0.75,2,5,12,"[0.6733570211929474, 0.43187514362098167, 1.0, 0.7232653401993144, 0.44740653528619595, 0.25, 0.9305255384893997, 0.3983059294265926, 0.6486173986508978, 0.3867321022277021]",2.5,0.2243560230333259,True,True
1.0,0.25,4.0,0.75,2,7,12,"[0.6733570211929474, 0.43187514362098167, 1.0, 0.7232653401993144, 0.44740653528619595, 0.25, 0.9305255384893997, 0.3983059294265926, 0.6486173986508978, 0.3867321022277021]",3.25,0.1666303404183775,True,True
1.0,0.25,4.0,0.75,3,1,12,"[0.25, 0.7662801675249383, 1.0, 0.721520281705023, 0.3155634760247723, 0.4088022023070185, 0.41291785938486697, 0.26518176675411004, 0.6924292342020794, 0.5459017905658573]",1.0,0.7662801675249385,True,True
1.0,0.25,4.0,0.75,3,3,12,"[0.25, 0.7662801675249383, 1.0, 0.721520281705023, 0.3155634760247723, 0.4088022023070185, 0.41291785938486697, 0.26518176675411004, 0.6924292342020794, 0.5459017905658573]",1.75,0.6738218131103009,True,True
1.0,0.25,4.0,0.75,3,5,12,"[0.25, 0.7662801675249383, 1.0, 0.721520281705023, 0.3155634760247723, 0.4088022023070185, 0.41291785938486697, 0.26518176675411004, 0.6924292342020794, 0.5459017905658573]",2.5,0.30180966533936954,True,True
1.0,0.25,4.0,0.75,3,7,12,"[0.25, 0.7662801675249383, 1.0, 0.721520281705023, 0.3155634760247723, 0.4088022023070185, 0.41291785938486697, 0.26518176675411004, 0.6924292342020794, 0.5459017905658573]",3.25,0.14237588772325604,True,True
1.0,0.125,8.0,0.875,0,1,12,"[0.6483780583702203, 1.0, 0.18403647683237448, 0.6921233785102546, 0.24359308684704967, 0.4547555571898641, 0.42469076858166765, 0.125, 0.24903195927658095, 0.13383755330691588]",1.0,0.6483780583702204,True,True
1.0,0.125,8.0,0.875,0,3,12,"[0.6483780583702203, 1.0, 0.18403647683237448, 0.6921233785102546, 0.24359308684704967, 0.4547555571898641, 0.42469076858166765, 0.125, 0.24903195927658095, 0.13383755330691588]",1.875,1.1102230321214808e-16,True,True
1.0,0.125,8.0,0.875,0,5,12,"[0.6483780583702203, 1.0, 0.18403647683237448, 0.6921233785102546, 0.24359308684704967, 0.4547555571898641, 0.42469076858166765, 0.125, 0.24903195927658095, 0.13383755330691588]",2.75,1.1102230463386476e-16,True,True
1.0,0.125,8.0,0.875,0,7,12,"[0.6483780583702203, 1.0, 0.18403647683237448, 0.6921233785102546, 0.24359308684704967, 0.4547555571898641, 0.42469076858166765, 0.125, 0.24903195927658095, 0.13383755330691588]",3.625,1.110223057970875e-16,True,True
1.0,0.125,8.0,0.875,1,1,12,"[0.7606784726589104, 0.5570987995713431, 0.5476373631468185, 0.125, 0.19364934670638292, 0.2905022219983083, 0.7682247413292133, 0.1858007129420534, 1.0, 0.7907044298341437]",1.0,0.7907044298341434,True,True
1.0,0.125,8.0,0.875,1,3,12,"[0.7606784726589104, 0.5570987995713431, 0.5476373631468185, 0.125, 0.19364934670638292, 0.2905022219983083, 0.7682247413292133, 0.1858007129420534, 1.0, 0.7907044298341437]",1.875,0.8264860858517732,True,True
1.0,0.125,8.0,0.875,1,5,12,"[0.7606784726589104, 0.5570987995713431, 0.5476373631468185, 0.125, 0.19364934670638292, 0.2905022219983083, 0.7682247413292133, 0.1858007129420534, 1.0, 0.7907044298341437]",2.75,0.880718195402061,True,True
1.0,0.125,8.0,0.875,1,7,12,"[0.7606784726589104, 0.5570987995713431, 0.5476373631468185, 0.125, 0.19364934670638292, 0.2905022219983083, 0.7682247413292133, 0.1858007129420534, 1.0, 0.7907044298341437]",3.625,0.9039605280664693,True,True
1.0,0.125,8.0,0.875,2,1,12,"[0.5525455548199549, 0.2838162867259618, 1.0, 0.6151010671257063, 0.2992633170345409, 0.125, 0.8976198446088733, 0.2513767791844002, 0.5223756098256384, 0.24050014128988695]",1.0,0.6151010671257066,True,True
1.0,0.125,8.0,0.875,2,3,12,"[0.5525455548199549, 0.2838162867259618, 1.0, 0.6151010671257063, 0.2992633170345409, 0.125, 0.8976198446088733, 0.2513767791844002, 0.5223756098256384, 0.24050014128988695]",1.875,0.3801860183066942,True,True
1.0,0.125,8.0,0.875,2,5,12,"[0.5525455548199549, 0.2838162867259618, 1.0, 0.6151010671257063, 0.2992633170345409, 0.125, 0.8976198446088733, 0.2513767791844002, 0.5223756098256384, 0.24050014128988695]",2.75,0.0579282051879051,True,True
1.0,0.125,8.0,0.875,2,7,12,"[0.5525455548199549, 0.2838162867259618, 1.0, 0.6151010671257063, 0.2992633170345409, 0.125, 0.8976198446088733, 0.2513767791844002, 0.5223756098256384, 0.24050014128988695]",3.625,2.2204460784601285e-16,True,True
1.0,0.125,8.0,0.875,3,1,12,"[0.125, 0.6707819663121755, 1.0, 0.6128762827319818, 0.17726789880580043, 0.2613784872740703, 0.2653355864397591, 0.13655747867859197, 0.5761865192681178, 0.4033404497279047]",1.0,0.6707819663121756,True,True
1.0,0.125,8.0,0.875,3,3,12,"[0.125, 0.6707819663121755, 1.0, 0.6128762827319818, 0.17726789880580043, 0.2613784872740703, 0.2653355864397591, 0.13655747867859197, 0.5761865192681178, 0.4033404497279047]",1.875,0.5260566333621222,True,True
1.0,0.125,8.0,0.875,3,5,12,"[0.125, 0.6707819663121755, 1.0, 0.6128762827319818, 0.17726789880580043, 0.2613784872740703, 0.2653355864397591, 0.13655747867859197, 0.5761865192681178, 0.4033404497279047]",2.75,0.07958964804657064,True,True
1.0,0.125,8.0,0.875,3,7,12,"[0.125, 0.6707819663121755, 1.0, 0.6128762827319818, 0.17726789880580043, 0.2613784872740703, 0.2653355864397591, 0.13655747867859197, 0.5761865192681178, 0.4033404497279047]",3.625,2.2204460784601285e-16,True,True
1.0,0.0625,16.0,0.9375,0,1,12,"[0.5611828789628575, 1.0, 0.10468196850825613, 0.6122254213094073, 0.15213177946772163, 0.34970675386542305, 0.31922514621648773, 0.0625, 0.15667755317743742, 0.0684600667447041]",1.0,0.5611828789628576,True,True
1.0,0.0625,16.0,0.9375,0,3,12,"[0.5611828789628575, 1.0, 0.10468196850825613, 0.6122254213094073, 0.15213177946772163, 0.34970675386542305, 0.31922514621648773, 0.0625, 0.15667755317743742, 0.0684600667447041]",1.9375,2.7755575790112324e-16,True,True
1.0,0.0625,16.0,0.9375,0,5,12,"[0.5611828789628575, 1.0, 0.10468196850825613, 0.6122254213094073, 0.15213177946772163, 0.34970675386542305, 0.31922514621648773, 0.0625, 0.15667755317743742, 0.0684600667447041]",2.875,3.3306691002418516e-16,True,True
1.0,0.0625,16.0,0.9375,0,7,12,"[0.5611828789628575, 1.0, 0.10468196850825613, 0.6122254213094073, 0.15213177946772163, 0.34970675386542305, 0.31922514621648773, 0.0625, 0.15667755317743742, 0.0684600667447041]",3.8125,5.551115128295662e-16,True,True
1.0,0.0625,16.0,0.9375,1,1,12,"[0.6943868713015391, 0.4583982632462348, 0.44804753696945165, 0.0625, 0.11203525704928433, 0.19239743512471558, 0.7035868595814939, 0.1060221242528231, 1.0, 0.7311708955352046]",1.0,0.7311708955352049,True,True
1.0,0.0625,16.0,0.9375,1,3,12,"[0.6943868713015391, 0.4583982632462348, 0.44804753696945165, 0.0625, 0.11203525704928433, 0.19239743512471558, 0.7035868595814939, 0.1060221242528231, 1.0, 0.7311708955352046]",1.9375,0.8174542683363752,True,True
1.0,0.0625,16.0,0.9375,1,5,12,"[0.6943868713015391, 0.4583982632462348, 0.44804753696945165, 0.0625, 0.11203525704928433, 0.19239743512471558, 0.7035868595814939, 0.1060221242528231, 1.0, 0.7311708955352046]",2.875,0.8924309311676869,True,True
1.0,0.0625,16.0,0.9375,1,7,12,"[0.6943868713015391, 0.4583982632462348, 0.44804753696945165, 0.0625, 0.11203525704928433, 0.19239743512471558, 0.7035868595814939, 0.1060221242528231, 1.0, 0.7311708955352046]",3.8125,0.9245637866668204,True,True
1.0,0.0625,16.0,0.9375,2,1,12,"[0.4534096779898394, 0.18651613967764352, 1.0, 0.5231127523336301, 0.2001726078167981, 0.0625, 0.8658777777809873, 0.15864761341638178, 0.4207045298326577, 0.14956171889345782]",1.0,0.5231127523336304,True,True
1.0,0.0625,16.0,0.9375,2,3,12,"[0.4534096779898394, 0.18651613967764352, 1.0, 0.5231127523336301, 0.2001726078167981, 0.0625, 0.8658777777809873, 0.15864761341638178, 0.4207045298326577, 0.14956171889345782]",1.9375,0.31294932565905503,True,True
1.0,0.0625,16.0,0.9375,2,5,12,"[0.4534096779898394, 0.18651613967764352, 1.0, 0.5231127523336301, 0.2001726078167981, 0.0625, 0.8658777777809873, 0.15864761341638178, 0.4207045298326577, 0.14956171889345782]",2.875,8.326672899238645e-17,True,True
1.0,0.0625,16.0,0.9375,2,7,12,"[0.4534096779898394, 0.18651613967764352, 1.0, 0.5231127523336301, 0.2001726078167981, 0.0625, 0.8658777777809873, 0.15864761341638178, 0.4207045298326577, 0.14956171889345782]",3.8125,8.326672692443492e-17,True,True
1.0,0.0625,16.0,0.9375,3,1,12,"[0.0625, 0.5871852951420475, 1.0, 0.5205915169116959, 0.09958030740083705, 0.16711924061106848, 0.1705011585989808, 0.07032136941883121, 0.4794582443776781, 0.29800876494300915]",1.0,0.5871852951420476,True,True
1.0,0.0625,16.0,0.9375,3,3,12,"[0.0625, 0.5871852951420475, 1.0, 0.5205915169116959, 0.09958030740083705, 0.16711924061106848, 0.1705011585989808, 0.07032136941883121, 0.4794582443776781, 0.29800876494300915]",1.9375,0.508228431714016,True,True
1.0,0.0625,16.0,0.9375,3,5,12,"[0.0625, 0.5871852951420475, 1.0, 0.5205915169116959, 0.09958030740083705, 0.16711924061106848, 0.1705011585989808, 0.07032136941883121, 0.4794582443776781, 0.29800876494300915]",2.875,9.020562183646852e-17,True,True
1.0,0.0625,16.0,0.9375,3,7,12,"[0.0625, 0.5871852951420475, 1.0, 0.5205915169116959, 0.09958030740083705, 0.16711924061106848, 0.1705011585989808, 0.07032136941883121, 0.4794582443776781, 0.29800876494300915]",3.8125,9.02056228058208e-17,True,True
2.0,0.5,4.0,1.5,0,1,12,"[1.4982428093775153, 2.0, 0.647091859037822, 1.5648967011396084, 0.7800814815587449, 1.1827201763146227, 1.130000258790214, 0.5, 0.7916503096126153, 0.5232974937631714]",2.0,1.4982428093775155,True,True
2.0,0.5,4.0,1.5,0,3,12,"[1.4982428093775153, 2.0, 0.647091859037822, 1.5648967011396084, 0.7800814815587449, 1.1827201763146227, 1.130000258790214, 0.5, 0.7916503096126153, 0.5232974937631714]",3.5,2.2204460616580223e-16,True,True
2.0,0.5,4.0,1.5,0,5,12,"[1.4982428093775153, 2.0, 0.647091859037822, 1.5648967011396084, 0.7800814815587449, 1.1827201763146227, 1.130000258790214, 0.5, 0.7916503096126153, 0.5232974937631714]",5.0,4.440892102636529e-16,True,True
2.0,0.5,4.0,1.5,0,7,12,"[1.4982428093775153, 2.0, 0.647091859037822, 1.5648967011396084, 0.7800814815587449, 1.1827201763146227, 1.130000258790214, 0.5, 0.7916503096126153, 0.5232974937631714]",6.5,5.551115128295662e-16,True,True
2.0,0.5,4.0,1.5,1,1,12,"[1.6665975774631847, 1.3541023052136567, 1.338727062502961, 0.5, 0.669433363522567, 0.8772626405466394, 1.6776016923948234, 0.6512207744008881, 2.0, 1.7101706295398769]",2.0,1.7101706295398762,True,True
2.0,0.5,4.0,1.5,1,3,12,"[1.6665975774631847, 1.3541023052136567, 1.338727062502961, 0.5, 0.669433363522567, 0.8772626405466394, 1.6776016923948234, 0.6512207744008881, 2.0, 1.7101706295398769]",3.5,1.6981450676268308,True,True
2.0,0.5,4.0,1.5,1,5,12,"[1.6665975774631847, 1.3541023052136567, 1.338727062502961, 0.5, 0.669433363522567, 0.8772626405466394, 1.6776016923948234, 0.6512207744008881, 2.0, 1.7101706295398769]",5.0,1.766166029147741,True,True
2.0,0.5,4.0,1.5,1,7,12,"[1.6665975774631847, 1.3541023052136567, 1.338727062502961, 0.5, 0.669433363522567, 0.8772626405466394, 1.6776016923948234, 0.6512207744008881, 2.0, 1.7101706295398769]",6.5,1.79531786979956,True,True
2.0,0.5,4.0,1.5,2,1,12,"[1.3467140423858948, 0.8637502872419633, 2.0, 1.4465306803986289, 0.8948130705723919, 0.5, 1.8610510769787993, 0.7966118588531852, 1.2972347973017957, 0.7734642044554042]",2.0,1.4465306803986293,True,True
2.0,0.5,4.0,1.5,2,3,12,"[1.3467140423858948, 0.8637502872419633, 2.0, 1.4465306803986289, 0.8948130705723919, 0.5, 1.8610510769787993, 0.7966118588531852, 1.2972347973017957, 0.7734642044554042]",3.5,0.7435653531186326,True,True
2.0,0.5,4.0,1.5,2,5,12,"[1.3467140423858948, 0.8637502872419633, 2.0, 1.4465306803986289, 0.8948130705723919, 0.5, 1.8610510769787993, 0.7966118588531852, 1.2972347973017957, 0.7734642044554042]",5.0,0.4487120460666518,True,True
2.0,0.5,4.0,1.5,2,7,12,"[1.3467140423858948, 0.8637502872419633, 2.0, 1.4465306803986289, 0.8948130705723919, 0.5, 1.8610510769787993, 0.7966118588531852, 1.2972347973017957, 0.7734642044554042]",6.5,0.333260680836755,True,True
2.0,0.5,4.0,1.5,3,1,12,"[0.5, 1.5325603350498767, 2.0, 1.443040563410046, 0.6311269520495446, 0.817604404614037, 0.8258357187697339, 0.5303635335082201, 1.3848584684041587, 1.0918035811317146]",2.0,1.532560335049877,True,True
2.0,0.5,4.0,1.5,3,3,12,"[0.5, 1.5325603350498767, 2.0, 1.443040563410046, 0.6311269520495446, 0.817604404614037, 0.8258357187697339, 0.5303635335082201, 1.3848584684041587, 1.0918035811317146]",3.5,1.3476436262206017,True,True
2.0,0.5,4.0,1.5,3,5,12,"[0.5, 1.5325603350498767, 2.0, 1.443040563410046, 0.6311269520495446, 0.817604404614037, 0.8258357187697339, 0.5303635335082201, 1.3848584684041587, 1.0918035811317146]",5.0,0.6036193306787391,True,True
2.0,0.5,4.0,1.5,3,7,12,"[0.5, 1.5325603350498767, 2.0, 1.443040563410046, 0.6311269520495446, 0.817604404614037, 0.8258357187697339, 0.5303635335082201, 1.3848584684041587, 1.0918035811317146]",6.5,0.2847517754465121,True,True
2.0,0.25,8.0,1.75,0,1,12,"[1.2967561167404407, 2.0, 0.36807295366474896, 1.3842467570205093, 0.48718617369409933, 0.9095111143797282, 0.8493815371633353, 0.25, 0.4980639185531619, 0.26767510661383176]",2.0,1.296756116740441,True,True
2.0,0.25,8.0,1.75,0,3,12,"[1.2967561167404407, 2.0, 0.36807295366474896, 1.3842467570205093, 0.48718617369409933, 0.9095111143797282, 0.8493815371633353, 0.25, 0.4980639185531619, 0.26767510661383176]",3.75,2.2204460642429617e-16,True,True
2.0,0.25,8.0,1.75,0,5,12,"[1.2967561167404407, 2.0, 0.36807295366474896, 1.3842467570205093, 0.48718617369409933, 0.9095111143797282, 0.8493815371633353, 0.25, 0.4980639185531619, 0.26767510661383176]",5.5,2.220446092677295e-16,True,True
2.0,0.25,8.0,1.75,0,7,12,"[1.2967561167404407, 2.0, 0.36807295366474896, 1.3842467570205093, 0.48718617369409933, 0.9095111143797282, 0.8493815371633353, 0.25, 0.4980639185531619, 0.26767510661383176]",7.25,2.22044611594175e-16,True,True
2.0,0.25,8.0,1.75,1,1,12,"[1.5213569453178208, 1.1141975991426862, 1.095274726293637, 0.25, 0.38729869341276585, 0.5810044439966165, 1.5364494826584265, 0.3716014258841068, 2.0, 1.5814088596682874]",2.0,1.5814088596682867,True,True
2.0,0.25,8.0,1.75,1,3,12,"[1.5213569453178208, 1.1141975991426862, 1.095274726293637, 0.25, 0.38729869341276585, 0.5810044439966165, 1.5364494826584265, 0.3716014258841068, 2.0, 1.5814088596682874]",3.75,1.6529721717035464,True,True
2.0,0.25,8.0,1.75,1,5,12,"[1.5213569453178208, 1.1141975991426862, 1.095274726293637, 0.25, 0.38729869341276585, 0.5810044439966165, 1.5364494826584265, 0.3716014258841068, 2.0, 1.5814088596682874]",5.5,1.761436390804122,True,True
2.0,0.25,8.0,1.75,1,7,12,"[1.5213569453178208, 1.1141975991426862, 1.095274726293637, 0.25, 0.38729869341276585, 0.5810044439966165, 1.5364494826584265, 0.3716014258841068, 2.0, 1.5814088596682874]",7.25,1.8079210561329386,True,True
2.0,0.25,8.0,1.75,2,1,12,"[1.1050911096399099, 0.5676325734519236, 2.0, 1.2302021342514127, 0.5985266340690818, 0.25, 1.7952396892177467, 0.5027535583688004, 1.0447512196512767, 0.4810002825797739]",2.0,1.2302021342514131,True,True
2.0,0.25,8.0,1.75,2,3,12,"[1.1050911096399099, 0.5676325734519236, 2.0, 1.2302021342514127, 0.5985266340690818, 0.25, 1.7952396892177467, 0.5027535583688004, 1.0447512196512767, 0.4810002825797739]",3.75,0.7603720366133884,True,True
2.0,0.25,8.0,1.75,2,5,12,"[1.1050911096399099, 0.5676325734519236, 2.0, 1.2302021342514127, 0.5985266340690818, 0.25, 1.7952396892177467, 0.5027535583688004, 1.0447512196512767, 0.4810002825797739]",5.5,0.1158564103758102,True,True
2.0,0.25,8.0,1.75,2,7,12,"[1.1050911096399099, 0.5676325734519236, 2.0, 1.2302021342514127, 0.5985266340690818, 0.25, 1.7952396892177467, 0.5027535583688004, 1.0447512196512767, 0.4810002825797739]",7.25,4.440892156920257e-16,True,True
2.0,0.25,8.0,1.75,3,1,12,"[0.25, 1.341563932624351, 2.0, 1.2257525654639636, 0.35453579761160087, 0.5227569745481406, 0.5306711728795181, 0.27311495735718394, 1.1523730385362356, 0.8066808994558095]",2.0,1.3415639326243511,True,True
2.0,0.25,8.0,1.75,3,3,12,"[0.25, 1.341563932624351, 2.0, 1.2257525654639636, 0.35453579761160087, 0.5227569745481406, 0.5306711728795181, 0.27311495735718394, 1.1523730385362356, 0.8066808994558095]",3.75,1.0521132667242443,True,True
2.0,0.25,8.0,1.75,3,5,12,"[0.25, 1.341563932624351, 2.0, 1.2257525654639636, 0.35453579761160087, 0.5227569745481406, 0.5306711728795181, 0.27311495735718394, 1.1523730385362356, 0.8066808994558095]",5.5,0.15917929609314127,True,True
2.0,0.25,8.0,1.75,3,7,12,"[0.25, 1.341563932624351, 2.0, 1.2257525654639636, 0.35453579761160087, 0.5227569745481406, 0.5306711728795181, 0.27311495735718394, 1.1523730385362356, 0.8066808994558095]",7.25,4.440892156920257e-16,True,True
2.0,0.125,16.0,1.875,0,1,12,"[1.122365757925715, 2.0, 0.20936393701651226, 1.2244508426188145, 0.30426355893544327, 0.6994135077308461, 0.6384502924329755, 0.125, 0.31335510635487485, 0.1369201334894082]",2.0,1.1223657579257151,True,True
2.0,0.125,16.0,1.875,0,3,12,"[1.122365757925715, 2.0, 0.20936393701651226, 1.2244508426188145, 0.30426355893544327, 0.6994135077308461, 0.6384502924329755, 0.125, 0.31335510635487485, 0.1369201334894082]",3.875,5.551115158022465e-16,True,True
2.0,0.125,16.0,1.875,0,5,12,"[1.122365757925715, 2.0, 0.20936393701651226, 1.2244508426188145, 0.30426355893544327, 0.6994135077308461, 0.6384502924329755, 0.125, 0.31335510635487485, 0.1369201334894082]",5.75,6.661338200483703e-16,True,True
2.0,0.125,16.0,1.875,0,7,12,"[1.122365757925715, 2.0, 0.20936393701651226, 1.2244508426188145, 0.30426355893544327, 0.6994135077308461, 0.6384502924329755, 0.125, 0.31335510635487485, 0.1369201334894082]",7.625,1.1102230256591323e-15,True,True
2.0,0.125,16.0,1.875,1,1,12,"[1.3887737426030782, 0.9167965264924696, 0.8960950739389033, 0.125, 0.22407051409856865, 0.38479487024943115, 1.4071737191629878, 0.2120442485056462, 2.0, 1.4623417910704093]",2.0,1.4623417910704097,True,True
2.0,0.125,16.0,1.875,1,3,12,"[1.3887737426030782, 0.9167965264924696, 0.8960950739389033, 0.125, 0.22407051409856865, 0.38479487024943115, 1.4071737191629878, 0.2120442485056462, 2.0, 1.4623417910704093]",3.875,1.6349085366727505,True,True
2.0,0.125,16.0,1.875,1,5,12,"[1.3887737426030782, 0.9167965264924696, 0.8960950739389033, 0.125, 0.22407051409856865, 0.38479487024943115, 1.4071737191629878, 0.2120442485056462, 2.0, 1.4623417910704093]",5.75,1.7848618623353738,True,True
2.0,0.125,16.0,1.875,1,7,12,"[1.3887737426030782, 0.9167965264924696, 0.8960950739389033, 0.125, 0.22407051409856865, 0.38479487024943115, 1.4071737191629878, 0.2120442485056462, 2.0, 1.4623417910704093]",7.625,1.8491275733336408,True,True
2.0,0.125,16.0,1.875,2,1,12,"[0.9068193559796788, 0.37303227935528704, 2.0, 1.0462255046672602, 0.4003452156335962, 0.125, 1.7317555555619746, 0.31729522683276357, 0.8414090596653154, 0.29912343778691564]",2.0,1.0462255046672608,True,True
2.0,0.125,16.0,1.875,2,3,12,"[0.9068193559796788, 0.37303227935528704, 2.0, 1.0462255046672602, 0.4003452156335962, 0.125, 1.7317555555619746, 0.31729522683276357, 0.8414090596653154, 0.29912343778691564]",3.875,0.6258986513181101,True,True
2.0,0.125,16.0,1.875,2,5,12,"[0.9068193559796788, 0.37303227935528704, 2.0, 1.0462255046672602, 0.4003452156335962, 0.125, 1.7317555555619746, 0.31729522683276357, 0.8414090596653154, 0.29912343778691564]",5.75,1.665334579847729e-16,True,True
2.0,0.125,16.0,1.875,2,7,12,"[0.9068193559796788, 0.37303227935528704, 2.0, 1.0462255046672602, 0.4003452156335962, 0.125, 1.7317555555619746, 0.31729522683276357, 0.8414090596653154, 0.29912343778691564]",7.625,1.6653345384886985e-16,True,True
2.0,0.125,16.0,1.875,3,1,12,"[0.125, 1.174370590284095, 2.0, 1.0411830338233918, 0.1991606148016741, 0.33423848122213695, 0.3410023171979616, 0.14064273883766243, 0.9589164887553562, 0.5960175298860183]",2.0,1.1743705902840953,True,True
2.0,0.125,16.0,1.875,3,3,12,"[0.125, 1.174370590284095, 2.0, 1.0411830338233918, 0.1991606148016741, 0.33423848122213695, 0.3410023171979616, 0.14064273883766243, 0.9589164887553562, 0.5960175298860183]",3.875,1.016456863428032,True,True
2.0,0.125,16.0,1.875,3,5,12,"[0.125, 1.174370590284095, 2.0, 1.0411830338233918, 0.1991606148016741, 0.33423848122213695, 0.3410023171979616, 0.14064273883766243, 0.9589164887553562, 0.5960175298860183]",5.75,1.8041124367293705e-16,True,True
2.0,0.125,16.0,1.875,3,7,12,"[0.125, 1.174370590284095, 2.0, 1.0411830338233918, 0.1991606148016741, 0.33423848122213695, 0.3410023171979616, 0.14064273883766243, 0.9589164887553562, 0.5960175298860183]",7.625,1.804112456116416e-16,True,True
