n1,n0,kappa,delta,seed,large_gap_position,separation_multiplier,predicted_scale,separation,anomaly_gap_min,anomaly_gap_max,normal_gap_min,normal_gap_max,assumption_4_2,n1_over_n0,anomaly_witness_index,anomaly_witness_depth,normal_witness_index,normal_witness_depth,failure_margin,anomaly_limit_depth,normal_limit_depth,infinite_failure_margin
5,25,2500.0,2499.0,0,0,1.0,62500.0,62500.0,1.0,2500.0,1.0,2500.0,True,0.2,2,4.538382285986914,5,2.04766387666003,-2.4907184093268837,4.499600159936025,2.0091561148004367,-2.4904440451355887
5,25,2500.0,2499.0,0,0,10.0,62500.0,625000.0,1.0,2500.0,1.0,2500.0,True,0.2,2,4.503617663561826,5,2.013144959482871,-2.490472704078955,4.499600159936025,2.0091561148004367,-2.4904440451355887
5,25,2500.0,2499.0,0,0,1000.0,62500.0,62500000.0,1.0,2500.0,1.0,2500.0,True,0.2,2,4.499640494320009,5,2.009196161198579,-2.49044433312143,4.499600159936025,2.0091561148004367,-2.4904440451355887
5,25,2500.0,2499.0,1,1,1.0,62500.0,62500.0,1.0,2500.0,1.0,2500.0,True,0.2,3,4.038798562604931,5,2.0476638530038134,-1.991134709601118,3.999999840191821,2.0091561148004367,-1.9908437253913842
5,25,2500.0,2499.0,1,1,10.0,62500.0,625000.0,1.0,2500.0,1.0,2500.0,True,0.2,3,4.004018950217427,5,2.013144959457485,-1.9908739907599418,3.999999840191821,2.0091561148004367,-1.9908437253913842
5,25,2500.0,2499.0,1,1,1000.0,62500.0,62500000.0,1.0,2500.0,1.0,2500.0,True,0.2,3,4.000040190576449,5,2.009196161198579,-1.99084402937787,3.999999840191821,2.0091561148004367,-1.9908437253913842
5,25,2500.0,2499.0,2,2,1.0,62500.0,62500.0,1.0,2500.0,1.0,2500.0,True,0.2,1,3.998885326604162,5,2.0476638293464906,-1.9512214972576714,3.999999840191821,2.0091561148004367,-1.9908437253913842
5,25,2500.0,2499.0,2,2,10.0,62500.0,625000.0,1.0,2500.0,1.0,2500.0,True,0.2,1,4.000017350400039,5,2.0131449594320987,-1.9868723909679407,3.999999840191821,2.0091561148004367,-1.9908437253913842
5,25,2500.0,2499.0,2,2,1000.0,62500.0,62500000.0,1.0,2500.0,1.0,2500.0,True,0.2,1,4.000000174563775,5,2.009196161198579,-1.9908040133651959,3.999999840191821,2.0091561148004367,-1.9908437253913842
5,25,2500.0,2499.0,3,3,1.0,62500.0,62500.0,1.0,2500.0,1.0,2500.0,True,0.2,2,4.498500992283502,5,2.0476638056880616,-2.450837186595441,4.499600159936025,2.0091561148004367,-2.4904440451355887
5,25,2500.0,2499.0,3,3,10.0,62500.0,625000.0,1.0,2500.0,1.0,2500.0,True,0.2,2,4.49961926376978,5,2.013144959406713,-2.4864743043630675,4.499600159936025,2.0091561148004367,-2.4904440451355887
5,25,2500.0,2499.0,3,3,1000.0,62500.0,62500000.0,1.0,2500.0,1.0,2500.0,True,0.2,2,4.499600510307344,5,2.009196161198579,-2.490404349108765,4.499600159936025,2.0091561148004367,-2.4904440451355887
9,81,8100.0,8099.0,0,0,1.0,656100.0,656100.0,1.0,8100.0,1.0,8100.0,True,0.1111111111111111,4,5.928604317534225,9,2.0219108983400744,-3.9066934191941503,5.916296433419721,2.0097052358715466,-3.906591197548174
9,81,8100.0,8099.0,0,0,10.0,656100.0,6561000.0,1.0,8100.0,1.0,8100.0,True,0.1111111111111111,4,5.917540894548772,9,2.01093934709019,-3.906601547458582,5.916296433419721,2.0097052358715466,-3.906591197548174
9,81,8100.0,8099.0,0,0,1000.0,656100.0,656100000.0,1.0,8100.0,1.0,8100.0,True,0.1111111111111111,4,5.916308893256593,9,2.009717592067118,-3.906591301189475,5.916296433419721,2.0097052358715466,-3.906591197548174
9,81,8100.0,8099.0,1,3,1.0,656100.0,656100.0,1.0,8100.0,1.0,8100.0,True,0.1111111111111111,6,5.01243430441791,9,2.0219108976601525,-2.9905234067577577,5.000123334936475,2.0097052358715466,-2.9904180990649287
9,81,8100.0,8099.0,1,3,10.0,656100.0,6561000.0,1.0,8100.0,1.0,8100.0,True,0.1111111111111111,6,5.001368101275897,9,2.010939347089495,-2.9904287541864023,5.000123334936475,2.0097052358715466,-2.9904180990649287
9,81,8100.0,8099.0,1,3,1000.0,656100.0,656100000.0,1.0,8100.0,1.0,8100.0,True,0.1111111111111111,6,5.000135797821701,9,2.009717592067118,-2.990418205754583,5.000123334936475,2.0097052358715466,-2.9904180990649287
9,81,8100.0,8099.0,2,4,1.0,656100.0,656100.0,1.0,8100.0,1.0,8100.0,True,0.1111111111111111,2,5.000086379359418,9,2.02191089743351,-2.9781754819259083,5.000123334936475,2.0097052358715466,-2.9904180990649287
9,81,8100.0,8099.0,2,4,10.0,656100.0,6561000.0,1.0,8100.0,1.0,8100.0,True,0.1111111111111111,2,5.000133066378993,9,2.010939347089263,-2.9891937192897298,5.000123334936475,2.0097052358715466,-2.9904180990649287
9,81,8100.0,8099.0,2,4,1000.0,656100.0,656100000.0,1.0,8100.0,1.0,8100.0,True,0.1111111111111111,2,5.000123447568861,9,2.009717592067118,-2.990405855501743,5.000123334936475,2.0097052358715466,-2.9904180990649287
9,81,8100.0,8099.0,3,7,1.0,656100.0,656100.0,1.0,8100.0,1.0,8100.0,True,0.1111111111111111,4,5.916262488417638,9,2.0219108967535764,-3.894351591664061,5.916296433419721,2.0097052358715466,-3.906591197548174
9,81,8100.0,8099.0,3,7,10.0,656100.0,6561000.0,1.0,8100.0,1.0,8100.0,True,0.1111111111111111,4,5.916306469320306,9,2.010939347088568,-3.9053671222317377,5.916296433419721,2.0097052358715466,-3.906591197548174
9,81,8100.0,8099.0,3,7,1000.0,656100.0,656100000.0,1.0,8100.0,1.0,8100.0,True,0.1111111111111111,4,5.916296549100386,9,2.009717592067118,-3.9065789570332674,5.916296433419721,2.0097052358715466,-3.906591197548174
17,289,28900.0,28899.0,0,0,1.0,8352100.0,8352100.0,1.0,28900.0,1.0,28900.0,True,0.058823529411764705,8,7.313953688066189,17,2.0133317050656254,-5.300621983000563,7.3104721298350865,2.0098816394213523,-5.300590490413734
17,289,28900.0,28899.0,0,0,10.0,8352100.0,83521000.0,1.0,28900.0,1.0,28900.0,True,0.058823529411764705,8,7.310821370156658,17,2.0102277200270784,-5.30059365012958,7.3104721298350865,2.0098816394213523,-5.300590490413734
17,289,28900.0,28899.0,0,0,1000.0,8352100.0,8352100000.0,1.0,28900.0,1.0,28900.0,True,0.058823529411764705,8,7.3104756234353765,17,2.009885101412941,-5.300590522022436,7.3104721298350865,2.0098816394213523,-5.300590490413734
17,289,28900.0,28899.0,1,7,1.0,8352100.0,8352100.0,1.0,28900.0,1.0,28900.0,True,0.058823529411764705,12,6.170252463833938,17,2.01333170505566,-4.156920758778278,6.166770425019957,2.0098816394213523,-4.156888785598604
17,289,28900.0,28899.0,1,7,10.0,8352100.0,83521000.0,1.0,28900.0,1.0,28900.0,True,0.058823529411764705,12,6.167119713250393,17,2.0102277200270686,-4.156891993223325,6.166770425019957,2.0098816394213523,-4.156888785598604
17,289,28900.0,28899.0,1,7,1000.0,8352100.0,8352100000.0,1.0,28900.0,1.0,28900.0,True,0.058823529411764705,12,6.166773919099169,17,2.009885101412941,-4.156888817686228,6.166770425019957,2.0098816394213523,-4.156888785598604
17,289,28900.0,28899.0,2,8,1.0,8352100.0,8352100.0,1.0,28900.0,1.0,28900.0,True,0.058823529411764705,4,6.166791388632212,17,2.0133317050542363,-4.153459683577975,6.166770425019956,2.0098816394213523,-4.156888785598603
17,289,28900.0,28899.0,2,8,10.0,8352100.0,83521000.0,1.0,28900.0,1.0,28900.0,True,0.058823529411764705,4,6.166773607634758,17,2.010227720027067,-4.156545887607691,6.166770425019956,2.0098816394213523,-4.156888785598603
17,289,28900.0,28899.0,2,8,1000.0,8352100.0,8352100000.0,1.0,28900.0,1.0,28900.0,True,0.058823529411764705,4,6.166770458053332,17,2.009885101412941,-4.156885356640391,6.166770425019956,2.0098816394213523,-4.156888785598603
17,289,28900.0,28899.0,3,15,1.0,8352100.0,8352100.0,1.0,28900.0,1.0,28900.0,True,0.058823529411764705,8,7.310493570721273,17,2.013331705044271,-5.297161865677002,7.3104721298350865,2.0098816394213523,-5.300590490413734
17,289,28900.0,28899.0,3,15,10.0,8352100.0,83521000.0,1.0,28900.0,1.0,28900.0,True,0.058823529411764705,8,7.310475360325612,17,2.010227720027057,-5.300247640298555,7.3104721298350865,2.0098816394213523,-5.300590490413734
17,289,28900.0,28899.0,3,15,1000.0,8352100.0,8352100000.0,1.0,28900.0,1.0,28900.0,True,0.058823529411764705,8,7.310472163347381,17,2.009885101412941,-5.30058706193444,7.3104721298350865,2.0098816394213523,-5.300590490413734
33,1089,108900.0,108899.0,0,0,1.0,118592100.0,118592100.0,1.0,108900.0,1.0,108900.0,True,0.030303030303030304,16,8.699746717953582,33,2.010849794028248,-6.688896923925334,8.698820264381137,2.009932101675008,-6.688888162706129
33,1089,108900.0,108899.0,0,0,10.0,118592100.0,1185921000.0,1.0,108900.0,1.0,108900.0,True,0.030303030303030304,16,8.69891298632394,33,2.010023946745693,-6.688889039578247,8.698820264381137,2.009932101675008,-6.688888162706129
33,1089,108900.0,108899.0,0,0,1000.0,118592100.0,118592100000.0,1.0,108900.0,1.0,108900.0,True,0.030303030303030304,16,8.698821191684887,33,2.0099330202092105,-6.688888171475677,8.698820264381137,2.009932101675008,-6.688888162706129
33,1089,108900.0,108899.0,1,15,1.0,118592100.0,118592100.0,1.0,108900.0,1.0,108900.0,True,0.030303030303030304,24,7.436705071124479,33,2.0108497940281413,-5.425855277096337,7.435778550031481,2.009932101675008,-5.425846448356473
33,1089,108900.0,108899.0,1,15,10.0,118592100.0,1185921000.0,1.0,108900.0,1.0,108900.0,True,0.030303030303030304,24,7.43587127872072,33,2.010023946745693,-5.425847331975027,7.435778550031481,2.009932101675008,-5.425846448356473
33,1089,108900.0,108899.0,1,15,1000.0,118592100.0,118592100000.0,1.0,108900.0,1.0,108900.0,True,0.030303030303030304,24,7.435779477402689,33,2.0099330202092105,-5.425846457193479,7.435778550031481,2.009932101675008,-5.425846448356473
33,1089,108900.0,108899.0,2,16,1.0,118592100.0,118592100.0,1.0,108900.0,1.0,108900.0,True,0.030303030303030304,8,7.435786664384728,33,2.0108497940281342,-5.424936870356594,7.435778550031481,2.009932101675008,-5.425846448356473
33,1089,108900.0,108899.0,2,16,10.0,118592100.0,1185921000.0,1.0,108900.0,1.0,108900.0,True,0.030303030303030304,8,7.435779438627561,33,2.010023946745693,-5.425755491881868,7.435778550031481,2.009932101675008,-5.425846448356473
33,1089,108900.0,108899.0,2,16,1000.0,118592100.0,118592100000.0,1.0,108900.0,1.0,108900.0,True,0.030303030303030304,8,7.435778559002551,33,2.0099330202092105,-5.42584553879334,7.435778550031481,2.009932101675008,-5.425846448356473
33,1089,108900.0,108899.0,3,31,1.0,118592100.0,118592100.0,1.0,108900.0,1.0,108900.0,True,0.030303030303030304,16,8.698828446131097,33,2.0108497940280277,-6.6879786521030695,8.698820264381137,2.009932101675008,-6.688888162706129
33,1089,108900.0,108899.0,3,31,10.0,118592100.0,1185921000.0,1.0,108900.0,1.0,108900.0,True,0.030303030303030304,16,8.698821159722417,33,2.010023946745693,-6.688797212976724,8.698820264381137,2.009932101675008,-6.688888162706129
33,1089,108900.0,108899.0,3,31,1000.0,118592100.0,118592100000.0,1.0,108900.0,1.0,108900.0,True,0.030303030303030304,16,8.698820273419667,33,2.0099330202092105,-6.688887253210456,8.698820264381137,2.009932101675008,-6.688888162706129
65,4225,422500.0,422499.0,0,0,1.0,1785062500.0,1785062500.0,1.0,422500.0,1.0,422500.0,True,0.015384615384615385,32,10.085906001108553,65,2.0101822979391923,-8.075723703169361,10.085667023475146,2.009945632271319,-8.075721391203828
65,4225,422500.0,422499.0,0,0,10.0,1785062500.0,17850625000.0,1.0,422500.0,1.0,422500.0,True,0.015384615384615385,32,10.085690926330035,65,2.0099693038793855,-8.075721622450649,10.085667023475146,2.009945632271319,-8.075721391203828
65,4225,422500.0,422499.0,0,0,1000.0,1785062500.0,1785062500000.0,1.0,422500.0,1.0,422500.0,True,0.015384615384615385,32,10.085667262509295,65,2.0099458689929466,-8.075721393516348,10.085667023475146,2.009945632271319,-8.075721391203828
65,4225,422500.0,422499.0,1,31,1.0,1785062500.0,1785062500.0,1.0,422500.0,1.0,422500.0,True,0.015384615384615385,48,8.761732471892682,65,2.010182297939191,-6.751550173953491,8.761493485293862,2.009945632271319,-6.751547853022543
65,4225,422500.0,422499.0,1,31,10.0,1785062500.0,17850625000.0,1.0,422500.0,1.0,422500.0,True,0.015384615384615385,48,8.761517389045098,65,2.0099693038793855,-6.751548085165712,8.761493485293862,2.009945632271319,-6.751547853022543
65,4225,422500.0,422499.0,1,31,1000.0,1785062500.0,1785062500000.0,1.0,422500.0,1.0,422500.0,True,0.015384615384615385,48,8.761493724336972,65,2.0099458689929466,-6.751547855344025,8.761493485293862,2.009945632271319,-6.751547853022543
65,4225,422500.0,422499.0,2,32,1.0,1785062500.0,1785062500.0,1.0,422500.0,1.0,422500.0,True,0.015384615384615385,16,8.76149576761108,65,2.010182297939191,-6.7513134696718895,8.761493485293862,2.009945632271319,-6.751547853022543
65,4225,422500.0,422499.0,2,32,10.0,1785062500.0,17850625000.0,1.0,422500.0,1.0,422500.0,True,0.015384615384615385,16,8.761493718663921,65,2.0099693038793855,-6.7515244147845355,8.761493485293862,2.009945632271319,-6.751547853022543
65,4225,422500.0,422499.0,2,32,1000.0,1785062500.0,1785062500000.0,1.0,422500.0,1.0,422500.0,True,0.015384615384615385,16,8.761493487633217,65,2.0099458689929466,-6.75154761864027,8.761493485293862,2.009945632271319,-6.751547853022543
65,4225,422500.0,422499.0,3,63,1.0,1785062500.0,1785062500.0,1.0,422500.0,1.0,422500.0,True,0.015384615384615385,32,10.085669314753536,65,2.01018229793919,-8.075487016814346,10.085667023475146,2.009945632271319,-8.075721391203828
65,4225,422500.0,422499.0,3,63,10.0,1785062500.0,17850625000.0,1.0,422500.0,1.0,422500.0,True,0.015384615384615385,32,10.085667257741513,65,2.0099693038793855,-8.075697953862127,10.085667023475146,2.009945632271319,-8.075721391203828
65,4225,422500.0,422499.0,3,63,1000.0,1785062500.0,1785062500000.0,1.0,422500.0,1.0,422500.0,True,0.015384615384615385,32,10.085667025823465,65,2.0099458689929466,-8.075721156830518,10.085667023475146,2.009945632271319,-8.075721391203828
